Car Body,Welding Spot,Date,Fault
0,0,2023-06-13,0
0,1,2023-06-13,0
0,2,2023-06-13,0
0,3,2023-06-13,0
0,4,2023-06-13,0
0,5,2023-06-13,0
0,6,2023-06-13,0
0,7,2023-06-13,0
0,8,2023-06-13,0
0,9,2023-06-13,1
0,10,2023-06-13,1
0,11,2023-06-13,0
0,12,2023-06-13,0
0,13,2023-06-13,0
0,14,2023-06-13,0
0,15,2023-06-13,0
0,16,2023-06-13,0
0,17,2023-06-13,0
0,18,2023-06-13,0
0,19,2023-06-13,0
0,20,2023-06-13,0
0,21,2023-06-13,0
0,22,2023-06-13,0
0,23,2023-06-13,0
0,24,2023-06-13,0
0,25,2023-06-13,0
0,26,2023-06-13,0
0,27,2023-06-13,0
0,28,2023-06-13,0
0,29,2023-06-13,0
0,30,2023-06-13,0
0,31,2023-06-13,0
0,32,2023-06-13,0
0,33,2023-06-13,0
0,34,2023-06-13,0
0,35,2023-06-13,0
0,36,2023-06-13,0
0,37,2023-06-13,0
0,38,2023-06-13,0
0,39,2023-06-13,0
0,40,2023-06-13,0
0,41,2023-06-13,0
0,42,2023-06-13,0
0,43,2023-06-13,0
0,44,2023-06-13,0
0,45,2023-06-13,0
0,46,2023-06-13,0
0,47,2023-06-13,0
0,48,2023-06-13,0
0,49,2023-06-13,0
0,50,2023-06-13,0
0,51,2023-06-13,0
0,52,2023-06-13,0
0,53,2023-06-13,0
0,54,2023-06-13,0
0,55,2023-06-13,0
0,56,2023-06-13,0
0,57,2023-06-13,0
0,58,2023-06-13,0
0,59,2023-06-13,0
0,60,2023-06-13,0
0,61,2023-06-13,0
0,62,2023-06-13,0
0,63,2023-06-13,0
0,64,2023-06-13,0
0,65,2023-06-13,0
0,66,2023-06-13,0
0,67,2023-06-13,0
0,68,2023-06-13,0
0,69,2023-06-13,0
0,70,2023-06-13,0
0,71,2023-06-13,0
0,72,2023-06-13,0
0,73,2023-06-13,0
0,74,2023-06-13,0
0,75,2023-06-13,0
0,76,2023-06-13,0
0,77,2023-06-13,0
0,78,2023-06-13,0
0,79,2023-06-13,0
0,80,2023-06-13,0
0,81,2023-06-13,0
0,82,2023-06-13,0
0,83,2023-06-13,0
0,84,2023-06-13,0
0,85,2023-06-13,0
0,86,2023-06-13,0
0,87,2023-06-13,0
0,88,2023-06-13,0
0,89,2023-06-13,0
0,90,2023-06-13,0
0,91,2023-06-13,0
0,92,2023-06-13,0
0,93,2023-06-13,1
0,94,2023-06-13,0
0,95,2023-06-13,0
0,96,2023-06-13,0
0,97,2023-06-13,0
0,98,2023-06-13,0
0,99,2023-06-13,0
0,100,2023-06-13,0
0,101,2023-06-13,0
0,102,2023-06-13,0
0,103,2023-06-13,0
0,104,2023-06-13,0
0,105,2023-06-13,0
0,106,2023-06-13,0
0,107,2023-06-13,0
0,108,2023-06-13,0
0,109,2023-06-13,0
0,110,2023-06-13,0
0,111,2023-06-13,0
0,112,2023-06-13,0
0,113,2023-06-13,0
0,114,2023-06-13,0
0,115,2023-06-13,0
0,116,2023-06-13,0
0,117,2023-06-13,0
0,118,2023-06-13,0
0,119,2023-06-13,0
0,120,2023-06-13,0
0,121,2023-06-13,0
1,0,2023-06-14,0
1,1,2023-06-14,1
1,2,2023-06-14,0
1,3,2023-06-14,0
1,4,2023-06-14,0
1,5,2023-06-14,0
1,6,2023-06-14,0
1,7,2023-06-14,0
1,8,2023-06-14,0
1,9,2023-06-14,0
1,10,2023-06-14,1
1,11,2023-06-14,0
1,12,2023-06-14,0
1,13,2023-06-14,0
1,14,2023-06-14,0
1,15,2023-06-14,0
1,16,2023-06-14,0
1,17,2023-06-14,0
1,18,2023-06-14,0
1,19,2023-06-14,0
1,20,2023-06-14,0
1,21,2023-06-14,0
1,22,2023-06-14,0
1,23,2023-06-14,0
1,24,2023-06-14,0
1,25,2023-06-14,0
1,26,2023-06-14,0
1,27,2023-06-14,0
1,28,2023-06-14,0
1,29,2023-06-14,0
1,30,2023-06-14,0
1,31,2023-06-14,0
1,32,2023-06-14,0
1,33,2023-06-14,0
1,34,2023-06-14,0
1,35,2023-06-14,0
1,36,2023-06-14,0
1,37,2023-06-14,0
1,38,2023-06-14,0
1,39,2023-06-14,0
1,40,2023-06-14,0
1,41,2023-06-14,0
1,42,2023-06-14,0
1,43,2023-06-14,0
1,44,2023-06-14,0
1,45,2023-06-14,0
1,46,2023-06-14,0
1,47,2023-06-14,0
1,48,2023-06-14,0
1,49,2023-06-14,0
1,50,2023-06-14,0
1,51,2023-06-14,0
1,52,2023-06-14,0
1,53,2023-06-14,0
1,54,2023-06-14,0
1,55,2023-06-14,0
1,56,2023-06-14,0
1,57,2023-06-14,0
1,58,2023-06-14,0
1,59,2023-06-14,0
1,60,2023-06-14,0
1,61,2023-06-14,0
1,62,2023-06-14,0
1,63,2023-06-14,0
1,64,2023-06-14,0
1,64,2023-06-14,0
1,65,2023-06-14,0
1,66,2023-06-14,1
1,67,2023-06-14,0
1,68,2023-06-14,0
1,69,2023-06-14,0
1,70,2023-06-14,0
1,71,2023-06-14,0
1,72,2023-06-14,0
1,73,2023-06-14,0
1,74,2023-06-14,0
1,75,2023-06-14,0
1,76,2023-06-14,0
1,77,2023-06-14,0
1,78,2023-06-14,0
1,79,2023-06-14,0
1,80,2023-06-14,0
1,81,2023-06-14,0
1,82,2023-06-14,0
1,83,2023-06-14,0
1,84,2023-06-14,1
1,85,2023-06-14,0
1,86,2023-06-14,0
1,87,2023-06-14,0
1,88,2023-06-14,0
1,89,2023-06-14,0
1,90,2023-06-14,0
1,91,2023-06-14,0
1,92,2023-06-14,0
1,93,2023-06-14,0
1,94,2023-06-14,0
1,95,2023-06-14,0
1,96,2023-06-14,0
1,97,2023-06-14,0
1,98,2023-06-14,0
1,99,2023-06-14,0
1,100,2023-06-14,0
1,101,2023-06-14,0
1,102,2023-06-14,0
1,103,2023-06-14,0
1,104,2023-06-14,0
1,105,2023-06-14,0
1,106,2023-06-14,0
1,107,2023-06-14,0
1,108,2023-06-14,0
1,109,2023-06-14,0
1,110,2023-06-14,0
1,111,2023-06-14,0
1,112,2023-06-14,0
1,113,2023-06-14,0
1,114,2023-06-14,0
1,115,2023-06-14,0
1,116,2023-06-14,0
1,118,2023-06-14,0
1,121,2023-06-14,0
1,122,2023-06-14,0
2,0,2023-06-14,0
2,1,2023-06-14,0
2,2,2023-06-14,0
2,3,2023-06-14,0
2,4,2023-06-14,0
2,5,2023-06-14,0
2,6,2023-06-14,0
2,7,2023-06-14,0
2,8,2023-06-14,0
2,9,2023-06-14,0
2,10,2023-06-14,0
2,11,2023-06-14,0
2,12,2023-06-14,0
2,13,2023-06-14,0
2,14,2023-06-14,0
2,15,2023-06-14,0
2,16,2023-06-14,0
2,17,2023-06-14,0
2,18,2023-06-14,0
2,19,2023-06-14,0
2,20,2023-06-14,0
2,21,2023-06-14,0
2,22,2023-06-14,0
2,23,2023-06-14,0
2,24,2023-06-14,0
2,25,2023-06-14,0
2,26,2023-06-14,0
2,27,2023-06-14,0
2,28,2023-06-14,0
2,29,2023-06-14,0
2,30,2023-06-14,0
2,31,2023-06-14,0
2,32,2023-06-14,0
2,33,2023-06-14,0
2,34,2023-06-14,0
2,35,2023-06-14,0
2,36,2023-06-14,0
2,37,2023-06-14,0
2,38,2023-06-14,0
2,39,2023-06-14,0
2,40,2023-06-14,0
2,41,2023-06-14,0
2,42,2023-06-14,0
2,43,2023-06-14,0
2,44,2023-06-14,0
2,45,2023-06-14,0
2,46,2023-06-14,0
2,47,2023-06-14,0
2,48,2023-06-14,0
2,49,2023-06-14,0
2,50,2023-06-14,0
2,51,2023-06-14,0
2,52,2023-06-14,0
2,53,2023-06-14,0
2,54,2023-06-14,0
2,55,2023-06-14,0
2,56,2023-06-14,0
2,57,2023-06-14,0
2,58,2023-06-14,0
2,59,2023-06-14,0
2,60,2023-06-14,0
2,61,2023-06-14,0
2,62,2023-06-14,0
2,63,2023-06-14,0
2,64,2023-06-14,0
2,65,2023-06-14,0
2,66,2023-06-14,0
2,67,2023-06-14,0
2,68,2023-06-14,0
2,69,2023-06-14,0
2,70,2023-06-14,0
2,71,2023-06-14,0
2,72,2023-06-14,0
2,73,2023-06-14,0
2,74,2023-06-14,0
2,75,2023-06-14,0
2,76,2023-06-14,0
2,77,2023-06-14,0
2,78,2023-06-14,0
2,79,2023-06-14,0
2,80,2023-06-14,0
2,81,2023-06-14,0
2,82,2023-06-14,0
2,83,2023-06-14,0
2,84,2023-06-14,1
2,85,2023-06-14,0
2,86,2023-06-14,0
2,87,2023-06-14,0
2,88,2023-06-14,0
2,89,2023-06-14,0
2,90,2023-06-14,0
2,91,2023-06-14,0
2,92,2023-06-14,0
2,93,2023-06-14,0
2,94,2023-06-14,0
2,95,2023-06-14,0
2,96,2023-06-14,0
2,97,2023-06-14,0
2,98,2023-06-14,0
2,99,2023-06-14,0
2,100,2023-06-14,0
2,101,2023-06-14,0
2,102,2023-06-14,0
2,103,2023-06-14,0
2,104,2023-06-14,0
2,105,2023-06-14,0
2,106,2023-06-14,0
2,107,2023-06-14,0
2,108,2023-06-14,0
2,109,2023-06-14,0
2,110,2023-06-14,0
2,111,2023-06-14,0
2,112,2023-06-14,0
2,113,2023-06-14,0
2,114,2023-06-14,0
2,115,2023-06-14,0
2,116,2023-06-14,0
2,117,2023-06-14,0
2,118,2023-06-14,0
2,119,2023-06-14,0
2,120,2023-06-14,0
2,121,2023-06-14,0
2,122,2023-06-14,0
2,123,2023-06-14,0
2,124,2023-06-14,0
2,125,2023-06-14,0
2,126,2023-06-14,0
2,127,2023-06-14,0
2,128,2023-06-14,0
2,129,2023-06-14,0
2,130,2023-06-14,1
2,131,2023-06-14,0
2,132,2023-06-14,0
2,133,2023-06-14,0
2,134,2023-06-14,0
2,135,2023-06-14,0
3,0,2023-06-21,0
3,1,2023-06-21,0
3,2,2023-06-21,0
3,3,2023-06-21,0
3,4,2023-06-21,0
3,5,2023-06-21,0
3,6,2023-06-21,0
3,7,2023-06-21,0
3,8,2023-06-21,0
3,9,2023-06-21,0
3,10,2023-06-21,0
3,11,2023-06-21,0
3,12,2023-06-21,0
3,13,2023-06-21,0
3,14,2023-06-21,0
3,15,2023-06-21,0
3,16,2023-06-21,0
3,17,2023-06-21,0
3,18,2023-06-21,0
3,19,2023-06-21,0
3,20,2023-06-21,0
3,21,2023-06-21,0
3,22,2023-06-21,0
3,23,2023-06-21,0
3,24,2023-06-21,0
3,25,2023-06-21,0
3,26,2023-06-21,0
3,27,2023-06-21,0
3,28,2023-06-21,0
3,29,2023-06-21,0
3,30,2023-06-21,0
3,31,2023-06-21,0
3,32,2023-06-21,0
3,33,2023-06-21,0
3,34,2023-06-21,0
3,35,2023-06-21,0
3,36,2023-06-21,0
3,37,2023-06-21,0
3,38,2023-06-21,0
3,39,2023-06-21,0
3,40,2023-06-21,0
3,41,2023-06-21,0
3,42,2023-06-21,0
3,43,2023-06-21,0
3,44,2023-06-21,0
3,45,2023-06-21,0
3,46,2023-06-21,0
3,47,2023-06-21,0
3,48,2023-06-21,0
3,49,2023-06-21,0
3,50,2023-06-21,0
3,51,2023-06-21,0
3,52,2023-06-21,0
3,53,2023-06-21,0
3,54,2023-06-21,0
3,55,2023-06-21,0
3,56,2023-06-21,0
3,57,2023-06-21,0
3,58,2023-06-21,0
3,59,2023-06-21,0
3,60,2023-06-21,0
3,61,2023-06-21,0
3,62,2023-06-21,0
3,63,2023-06-21,0
3,64,2023-06-21,0
3,65,2023-06-21,0
3,66,2023-06-21,0
3,67,2023-06-21,0
3,68,2023-06-21,0
3,69,2023-06-21,0
3,70,2023-06-21,0
3,71,2023-06-21,0
3,72,2023-06-21,0
3,73,2023-06-21,0
3,74,2023-06-21,0
3,75,2023-06-21,0
3,76,2023-06-21,0
3,77,2023-06-21,0
3,78,2023-06-21,0
3,79,2023-06-21,0
3,80,2023-06-21,0
3,81,2023-06-21,0
3,82,2023-06-21,0
3,83,2023-06-21,0
3,84,2023-06-21,1
3,85,2023-06-21,0
3,86,2023-06-21,0
3,87,2023-06-21,0
3,88,2023-06-21,0
3,89,2023-06-21,0
3,90,2023-06-21,0
3,91,2023-06-21,0
3,92,2023-06-21,0
3,93,2023-06-21,0
3,94,2023-06-21,0
3,95,2023-06-21,0
3,96,2023-06-21,0
3,97,2023-06-21,0
3,98,2023-06-21,0
3,99,2023-06-21,0
3,100,2023-06-21,0
3,101,2023-06-21,0
3,102,2023-06-21,0
3,103,2023-06-21,0
3,104,2023-06-21,0
3,105,2023-06-21,0
3,106,2023-06-21,0
3,107,2023-06-21,0
3,108,2023-06-21,0
3,109,2023-06-21,0
3,110,2023-06-21,0
3,111,2023-06-21,0
3,112,2023-06-21,0
3,113,2023-06-21,0
3,114,2023-06-21,0
3,115,2023-06-21,0
3,116,2023-06-21,0
3,117,2023-06-21,0
3,118,2023-06-21,0
3,119,2023-06-21,0
3,121,2023-06-21,0
3,122,2023-06-21,0
4,0,2023-06-21,0
4,1,2023-06-21,0
4,2,2023-06-21,0
4,3,2023-06-21,0
4,4,2023-06-21,0
4,5,2023-06-21,0
4,6,2023-06-21,0
4,7,2023-06-21,0
4,8,2023-06-21,0
4,9,2023-06-21,0
4,10,2023-06-21,0
4,11,2023-06-21,0
4,12,2023-06-21,0
4,13,2023-06-21,0
4,14,2023-06-21,0
4,15,2023-06-21,0
4,16,2023-06-21,0
4,17,2023-06-21,0
4,18,2023-06-21,0
4,19,2023-06-21,0
4,20,2023-06-21,0
4,21,2023-06-21,0
4,22,2023-06-21,0
4,23,2023-06-21,0
4,24,2023-06-21,0
4,25,2023-06-21,0
4,26,2023-06-21,0
4,27,2023-06-21,0
4,28,2023-06-21,0
4,29,2023-06-21,0
4,30,2023-06-21,0
4,31,2023-06-21,0
4,32,2023-06-21,0
4,33,2023-06-21,0
4,34,2023-06-21,0
4,35,2023-06-21,0
4,36,2023-06-21,0
4,37,2023-06-21,0
4,38,2023-06-21,0
4,39,2023-06-21,0
4,40,2023-06-21,0
4,41,2023-06-21,0
4,42,2023-06-21,0
4,43,2023-06-21,0
4,44,2023-06-21,0
4,45,2023-06-21,0
4,46,2023-06-21,0
4,47,2023-06-21,0
4,48,2023-06-21,0
4,49,2023-06-21,0
4,50,2023-06-21,0
4,51,2023-06-21,0
4,52,2023-06-21,0
4,53,2023-06-21,0
4,54,2023-06-21,0
4,55,2023-06-21,0
4,56,2023-06-21,0
4,57,2023-06-21,0
4,58,2023-06-21,0
4,59,2023-06-21,0
4,60,2023-06-21,0
4,61,2023-06-21,0
4,62,2023-06-21,0
4,63,2023-06-21,0
4,64,2023-06-21,0
4,64,2023-06-21,0
4,65,2023-06-21,0
4,66,2023-06-21,0
4,67,2023-06-21,0
4,68,2023-06-21,0
4,69,2023-06-21,0
4,70,2023-06-21,0
4,71,2023-06-21,0
4,72,2023-06-21,0
4,73,2023-06-21,0
4,74,2023-06-21,0
4,75,2023-06-21,0
4,76,2023-06-21,0
4,77,2023-06-21,0
4,78,2023-06-21,0
4,79,2023-06-21,0
4,80,2023-06-21,0
4,81,2023-06-21,0
4,82,2023-06-21,0
4,83,2023-06-21,0
4,84,2023-06-21,1
4,85,2023-06-21,0
4,86,2023-06-21,0
4,87,2023-06-21,0
4,88,2023-06-21,0
4,89,2023-06-21,0
4,90,2023-06-21,0
4,91,2023-06-21,0
4,92,2023-06-21,0
4,93,2023-06-21,0
4,94,2023-06-21,0
4,95,2023-06-21,0
4,96,2023-06-21,0
4,97,2023-06-21,0
4,98,2023-06-21,0
4,99,2023-06-21,0
4,100,2023-06-21,0
4,101,2023-06-21,0
4,102,2023-06-21,0
4,103,2023-06-21,0
4,104,2023-06-21,0
4,105,2023-06-21,0
4,106,2023-06-21,0
4,107,2023-06-21,0
4,108,2023-06-21,0
4,109,2023-06-21,0
4,110,2023-06-21,0
4,111,2023-06-21,0
4,112,2023-06-21,0
4,113,2023-06-21,0
4,114,2023-06-21,0
4,115,2023-06-21,0
4,116,2023-06-21,0
4,117,2023-06-21,0
4,118,2023-06-21,0
4,119,2023-06-21,0
4,120,2023-06-21,0
4,121,2023-06-21,0
4,122,2023-06-21,0
4,123,2023-06-21,0
4,124,2023-06-21,0
4,125,2023-06-21,0
4,126,2023-06-21,0
4,127,2023-06-21,0
4,128,2023-06-21,0
4,129,2023-06-21,0
4,130,2023-06-21,0
4,131,2023-06-21,0
4,132,2023-06-21,0
4,133,2023-06-21,0
4,134,2023-06-21,0
4,135,2023-06-21,0
5,0,2023-06-22,0
5,1,2023-06-22,0
5,2,2023-06-22,0
5,3,2023-06-22,0
5,4,2023-06-22,0
5,5,2023-06-22,0
5,6,2023-06-22,0
5,7,2023-06-22,0
5,8,2023-06-22,0
5,9,2023-06-22,0
5,10,2023-06-22,0
5,11,2023-06-22,0
5,12,2023-06-22,0
5,13,2023-06-22,0
5,14,2023-06-22,0
5,15,2023-06-22,0
5,16,2023-06-22,0
5,17,2023-06-22,0
5,18,2023-06-22,0
5,19,2023-06-22,0
5,20,2023-06-22,0
5,21,2023-06-22,0
5,22,2023-06-22,0
5,23,2023-06-22,0
5,24,2023-06-22,0
5,25,2023-06-22,0
5,26,2023-06-22,0
5,27,2023-06-22,0
5,28,2023-06-22,0
5,29,2023-06-22,0
5,30,2023-06-22,0
5,31,2023-06-22,0
5,32,2023-06-22,0
5,33,2023-06-22,0
5,34,2023-06-22,0
5,35,2023-06-22,0
5,36,2023-06-22,0
5,37,2023-06-22,0
5,38,2023-06-22,0
5,39,2023-06-22,0
5,40,2023-06-22,0
5,41,2023-06-22,0
5,42,2023-06-22,0
5,43,2023-06-22,0
5,44,2023-06-22,0
5,45,2023-06-22,0
5,46,2023-06-22,0
5,47,2023-06-22,0
5,48,2023-06-22,0
5,49,2023-06-22,0
5,50,2023-06-22,0
5,51,2023-06-22,0
5,52,2023-06-22,0
5,53,2023-06-22,0
5,54,2023-06-22,0
5,55,2023-06-22,0
5,56,2023-06-22,0
5,57,2023-06-22,0
5,58,2023-06-22,0
5,59,2023-06-22,0
5,60,2023-06-22,0
5,61,2023-06-22,0
5,62,2023-06-22,1
5,63,2023-06-22,0
5,64,2023-06-22,0
5,65,2023-06-22,0
5,66,2023-06-22,0
5,67,2023-06-22,0
5,68,2023-06-22,0
5,69,2023-06-22,0
5,70,2023-06-22,0
5,71,2023-06-22,0
5,72,2023-06-22,0
5,73,2023-06-22,1
5,74,2023-06-22,0
5,75,2023-06-22,0
5,76,2023-06-22,0
5,77,2023-06-22,0
5,78,2023-06-22,0
5,79,2023-06-22,0
5,80,2023-06-22,0
5,81,2023-06-22,0
5,81,2023-06-22,0
5,82,2023-06-22,0
5,83,2023-06-22,0
5,83,2023-06-22,0
5,84,2023-06-22,1
5,85,2023-06-22,0
5,86,2023-06-22,0
5,87,2023-06-22,0
5,87,2023-06-22,0
5,88,2023-06-22,0
5,89,2023-06-22,0
5,90,2023-06-22,0
5,91,2023-06-22,0
5,92,2023-06-22,0
5,93,2023-06-22,0
5,94,2023-06-22,0
5,95,2023-06-22,0
5,96,2023-06-22,0
5,96,2023-06-22,0
5,97,2023-06-22,0
5,98,2023-06-22,0
5,99,2023-06-22,0
5,100,2023-06-22,0
5,101,2023-06-22,0
5,102,2023-06-22,0
5,103,2023-06-22,0
5,104,2023-06-22,0
5,105,2023-06-22,0
5,105,2023-06-22,0
5,106,2023-06-22,0
5,106,2023-06-22,0
5,107,2023-06-22,0
5,107,2023-06-22,0
5,108,2023-06-22,0
5,108,2023-06-22,0
5,109,2023-06-22,0
5,109,2023-06-22,0
5,110,2023-06-22,0
5,110,2023-06-22,0
5,111,2023-06-22,0
5,112,2023-06-22,0
5,113,2023-06-22,0
5,114,2023-06-22,0
5,115,2023-06-22,0
5,116,2023-06-22,0
5,117,2023-06-22,0
5,118,2023-06-22,0
5,118,2023-06-22,0
5,119,2023-06-22,0
5,120,2023-06-22,1
5,121,2023-06-22,0
5,122,2023-06-22,0
5,123,2023-06-22,0
5,124,2023-06-22,0
5,125,2023-06-22,0
5,126,2023-06-22,0
6,0,2022-06-16,0
6,7,2022-06-16,0
7,10,2022-06-16,0
7,13,2022-06-16,0
7,44,2022-06-16,0
7,45,2022-06-16,0
7,46,2022-06-16,0
7,47,2022-06-16,0
7,73,2022-06-16,1
7,75,2022-06-16,0
7,77,2022-06-16,0
7,78,2022-06-16,0
7,84,2022-06-16,1
7,99,2022-06-16,0
7,101,2022-06-16,0
7,108,2022-06-16,0
7,112,2022-06-16,0
7,114,2022-06-16,0
7,118,2022-06-16,0
7,136,2022-06-16,0
7,137,2022-06-16,0
7,138,2022-06-16,1
7,139,2022-06-16,0
7,140,2022-06-16,0
7,141,2022-06-16,0
7,142,2022-06-16,0
7,143,2022-06-16,0
7,144,2022-06-16,0
7,145,2022-06-16,0
8,44,2022-06-30,0
8,45,2022-06-30,0
8,56,2022-06-30,0
8,57,2022-06-30,0
8,59,2022-06-30,0
8,73,2022-06-30,1
8,78,2022-06-30,0
8,84,2022-06-30,1
8,86,2022-06-30,0
8,88,2022-06-30,0
8,89,2022-06-30,0
8,97,2022-06-30,0
8,99,2022-06-30,0
8,101,2022-06-30,0
8,105,2022-06-30,0
8,106,2022-06-30,0
8,107,2022-06-30,0
8,108,2022-06-30,0
8,121,2022-06-30,0
8,138,2022-06-30,0
8,139,2022-06-30,0
8,140,2022-06-30,0
8,141,2022-06-30,0
8,142,2022-06-30,0
8,143,2022-06-30,0
8,144,2022-06-30,0
8,145,2022-06-30,0
8,146,2022-06-30,0
8,147,2022-06-30,0
8,148,2022-06-30,0
8,149,2022-06-30,0
8,150,2022-06-30,0
8,151,2022-06-30,0
8,152,2022-06-30,0
8,153,2022-06-30,0
9,0,2022-08-26,0
9,1,2022-08-26,0
9,2,2022-08-26,0
9,30,2022-08-26,0
9,37,2022-08-26,0
9,43,2022-08-26,0
9,44,2022-08-26,0
9,46,2022-08-26,0
9,47,2022-08-26,0
9,73,2022-08-26,1
9,75,2022-08-26,0
9,77,2022-08-26,0
9,78,2022-08-26,0
9,105,2022-08-26,0
9,107,2022-08-26,0
9,108,2022-08-26,0
9,110,2022-08-26,0
9,118,2022-08-26,0
10,103,2022-09-03,0
11,137,2022-09-15,0
11,139,2022-09-15,0
11,140,2022-09-15,0
11,141,2022-09-15,0
11,142,2022-09-15,0
11,146,2022-09-15,0
11,147,2022-09-15,0
11,148,2022-09-15,0
11,154,2022-09-15,0
12,0,2022-10-14,0
12,1,2022-10-14,0
12,2,2022-10-14,0
12,30,2022-10-14,0
12,37,2022-10-14,0
12,43,2022-10-14,0
12,44,2022-10-14,0
12,45,2022-10-14,0
12,73,2022-10-14,1
12,75,2022-10-14,0
12,77,2022-10-14,0
12,78,2022-10-14,0
12,103,2022-10-14,0
12,105,2022-10-14,0
12,106,2022-10-14,0
12,107,2022-10-14,0
12,108,2022-10-14,0
12,109,2022-10-14,0
12,110,2022-10-14,0
12,118,2022-10-14,0
12,138,2022-10-14,0
12,143,2022-10-14,0
12,144,2022-10-14,0
12,145,2022-10-14,0
12,151,2022-10-14,0
12,152,2022-10-14,0
12,153,2022-10-14,0
12,155,2022-10-14,0
12,156,2022-10-14,0
13,136,2022-11-03,0
13,137,2022-11-03,0
13,139,2022-11-03,0
13,140,2022-11-03,0
13,141,2022-11-03,0
13,142,2022-11-03,0
13,146,2022-11-03,0
13,147,2022-11-03,0
13,148,2022-11-03,0
13,154,2022-11-03,0
14,101,2022-12-07,0
14,103,2022-12-07,0
14,145,2022-12-07,0
15,145,2022-12-12,0
16,145,2022-12-19,0
17,0,2024-01-31,0
17,1,2024-01-31,0
17,2,2024-01-31,0
17,3,2024-01-31,0
17,4,2024-01-31,0
17,5,2024-01-31,0
17,7,2024-01-31,0
17,8,2024-01-31,0
17,10,2024-01-31,0
17,11,2024-01-31,0
17,13,2024-01-31,0
17,14,2024-01-31,0
17,15,2024-01-31,0
17,17,2024-01-31,0
17,18,2024-01-31,0
17,19,2024-01-31,0
17,20,2024-01-31,0
17,21,2024-01-31,0
17,22,2024-01-31,0
17,23,2024-01-31,0
17,24,2024-01-31,0
17,25,2024-01-31,0
17,26,2024-01-31,0
17,27,2024-01-31,0
17,28,2024-01-31,0
17,29,2024-01-31,0
17,30,2024-01-31,0
17,31,2024-01-31,0
17,32,2024-01-31,0
17,33,2024-01-31,0
17,34,2024-01-31,1
17,35,2024-01-31,0
17,36,2024-01-31,0
17,37,2024-01-31,0
17,38,2024-01-31,0
17,39,2024-01-31,0
17,40,2024-01-31,0
17,41,2024-01-31,0
17,42,2024-01-31,0
17,43,2024-01-31,0
17,44,2024-01-31,0
17,45,2024-01-31,0
17,46,2024-01-31,0
17,47,2024-01-31,0
17,48,2024-01-31,0
17,49,2024-01-31,0
17,50,2024-01-31,0
17,51,2024-01-31,0
17,52,2024-01-31,0
17,53,2024-01-31,0
17,54,2024-01-31,0
17,55,2024-01-31,0
17,56,2024-01-31,0
17,57,2024-01-31,0
17,58,2024-01-31,0
17,59,2024-01-31,0
17,60,2024-01-31,0
17,61,2024-01-31,0
17,62,2024-01-31,0
17,63,2024-01-31,1
17,64,2024-01-31,1
17,64,2024-01-31,0
17,65,2024-01-31,0
17,66,2024-01-31,0
17,67,2024-01-31,0
17,68,2024-01-31,0
17,69,2024-01-31,0
17,70,2024-01-31,0
17,71,2024-01-31,0
17,72,2024-01-31,0
17,73,2024-01-31,1
17,74,2024-01-31,0
17,75,2024-01-31,1
17,76,2024-01-31,0
17,77,2024-01-31,0
17,78,2024-01-31,0
17,79,2024-01-31,0
17,80,2024-01-31,0
17,81,2024-01-31,0
17,82,2024-01-31,0
17,83,2024-01-31,0
17,84,2024-01-31,0
17,85,2024-01-31,0
17,86,2024-01-31,0
17,87,2024-01-31,0
17,88,2024-01-31,0
17,89,2024-01-31,0
17,90,2024-01-31,0
17,91,2024-01-31,0
17,92,2024-01-31,0
17,93,2024-01-31,0
17,94,2024-01-31,0
17,95,2024-01-31,0
17,96,2024-01-31,0
17,97,2024-01-31,0
17,98,2024-01-31,0
17,99,2024-01-31,0
17,100,2024-01-31,0
17,101,2024-01-31,0
17,102,2024-01-31,0
17,103,2024-01-31,1
17,104,2024-01-31,0
17,105,2024-01-31,0
17,106,2024-01-31,0
17,107,2024-01-31,0
17,108,2024-01-31,0
17,109,2024-01-31,0
17,110,2024-01-31,0
17,111,2024-01-31,0
17,112,2024-01-31,0
17,113,2024-01-31,0
17,114,2024-01-31,0
17,115,2024-01-31,0
17,117,2024-01-31,0
17,118,2024-01-31,0
17,119,2024-01-31,0
17,121,2024-01-31,0
17,123,2024-01-31,0
17,124,2024-01-31,0
17,125,2024-01-31,0
17,126,2024-01-31,0
17,127,2024-01-31,0
17,128,2024-01-31,0
17,129,2024-01-31,0
17,130,2024-01-31,0
17,131,2024-01-31,0
17,133,2024-01-31,0
18,115,2024-02-06,0
18,122,2024-01-31,0
18,122,2024-02-06,0
18,125,2024-02-06,0
18,127,2024-02-06,0
18,127,2024-02-14,0
18,128,2024-02-06,0
18,129,2024-02-06,0
18,130,2024-02-14,0
18,130,2024-02-14,0
18,131,2024-02-06,0
18,131,2024-02-14,0
18,131,2024-02-14,0
18,133,2024-02-06,0
18,133,2024-02-14,0
18,133,2024-02-14,0
18,135,2024-01-31,0
18,135,2024-02-06,0
18,135,2024-02-06,0
18,135,2024-02-14,0
18,135,2024-02-14,0
19,6,2024-01-31,0
19,9,2024-01-31,0
19,12,2024-01-31,0
19,16,2024-01-31,0
20,0,2024-02-06,0
20,1,2024-02-06,0
20,2,2024-02-06,0
20,3,2024-02-06,0
20,4,2024-02-06,0
20,5,2024-02-06,0
20,6,2024-02-06,0
20,7,2024-02-06,0
20,8,2024-02-06,0
20,9,2024-02-06,0
20,10,2024-02-06,0
20,11,2024-02-06,0
20,12,2024-02-06,0
20,13,2024-02-06,0
20,14,2024-02-06,0
20,15,2024-02-06,0
20,16,2024-02-06,0
20,17,2024-02-06,0
20,18,2024-02-06,0
20,19,2024-02-06,0
20,20,2024-02-06,0
20,21,2024-02-06,0
20,22,2024-02-06,0
20,23,2024-02-06,0
20,24,2024-02-06,0
20,25,2024-02-06,0
20,26,2024-02-06,0
20,27,2024-02-06,0
20,28,2024-02-06,0
20,29,2024-02-06,0
20,30,2024-02-06,0
20,31,2024-02-06,0
20,32,2024-02-06,0
20,33,2024-02-06,0
20,34,2024-02-06,0
20,35,2024-02-06,0
20,36,2024-02-06,0
20,37,2024-02-06,0
20,38,2024-02-06,0
20,39,2024-02-06,0
20,40,2024-02-06,0
20,41,2024-02-06,0
20,42,2024-02-06,0
20,43,2024-02-06,0
20,44,2024-02-06,0
20,45,2024-02-06,0
20,46,2024-02-06,0
20,47,2024-02-06,0
20,48,2024-02-06,0
20,49,2024-02-06,0
20,50,2024-02-06,0
20,51,2024-02-06,0
20,52,2024-02-06,0
20,53,2024-02-06,0
20,54,2024-02-06,0
20,55,2024-02-06,0
20,56,2024-02-06,0
20,57,2024-02-06,0
20,58,2024-02-06,0
20,59,2024-02-06,0
20,60,2024-02-06,0
20,61,2024-02-06,0
20,62,2024-02-06,0
20,63,2024-02-06,0
20,64,2024-02-06,0
20,64,2024-02-06,0
20,65,2024-02-06,0
20,66,2024-02-06,0
20,67,2024-02-06,0
20,68,2024-02-06,0
20,69,2024-02-06,0
20,70,2024-02-06,0
20,71,2024-02-06,0
20,72,2024-02-06,0
20,73,2024-02-06,0
20,74,2024-02-06,0
20,75,2024-02-06,0
20,76,2024-02-06,0
20,77,2024-02-06,0
20,78,2024-02-06,0
20,79,2024-02-06,0
20,80,2024-02-06,0
20,81,2024-02-06,0
20,82,2024-02-06,0
20,83,2024-02-06,0
20,84,2024-02-06,1
20,85,2024-02-06,0
20,86,2024-02-06,0
20,87,2024-02-06,0
20,88,2024-02-06,0
20,89,2024-02-06,0
20,90,2024-02-06,0
20,91,2024-02-06,0
20,92,2024-02-06,0
20,93,2024-02-06,0
20,94,2024-02-06,0
20,95,2024-02-06,0
20,96,2024-02-06,0
20,97,2024-02-06,0
20,98,2024-02-06,0
20,99,2024-02-06,0
20,100,2024-02-06,0
20,101,2024-02-06,0
20,102,2024-02-06,0
20,103,2024-02-06,0
20,104,2024-02-06,0
20,105,2024-02-06,0
20,106,2024-02-06,0
20,107,2024-02-06,0
20,108,2024-02-06,1
20,109,2024-02-06,0
20,110,2024-02-06,0
20,111,2024-02-06,0
20,112,2024-02-06,0
20,113,2024-02-06,0
20,114,2024-02-06,1
20,115,2024-02-06,0
20,117,2024-02-06,0
20,118,2024-02-06,0
20,119,2024-02-06,0
20,121,2024-02-06,0
20,123,2024-02-06,0
20,124,2024-02-06,0
20,126,2024-02-06,0
20,128,2024-02-06,0
20,129,2024-02-06,0
21,0,2024-02-06,0
21,1,2024-02-06,0
21,2,2024-02-06,0
21,3,2024-02-06,0
21,4,2024-02-06,0
21,5,2024-02-06,0
21,6,2024-02-06,0
21,7,2024-02-06,0
21,8,2024-02-06,0
21,9,2024-02-06,0
21,10,2024-02-06,1
21,11,2024-02-06,0
21,12,2024-02-06,0
21,13,2024-02-06,0
21,14,2024-02-06,0
21,15,2024-02-06,0
21,16,2024-02-06,0
21,17,2024-02-06,0
21,18,2024-02-06,0
21,19,2024-02-06,0
21,20,2024-02-06,0
21,21,2024-02-06,0
21,22,2024-02-06,0
21,23,2024-02-06,0
21,24,2024-02-06,0
21,25,2024-02-06,0
21,26,2024-02-06,0
21,27,2024-02-06,0
21,28,2024-02-06,0
21,29,2024-02-06,0
21,30,2024-02-06,0
21,31,2024-02-06,0
21,32,2024-02-06,0
21,33,2024-02-06,0
21,34,2024-02-06,0
21,35,2024-02-06,0
21,36,2024-02-06,0
21,37,2024-02-06,0
21,38,2024-02-06,0
21,39,2024-02-06,0
21,40,2024-02-06,0
21,41,2024-02-06,0
21,42,2024-02-06,0
21,43,2024-02-06,0
21,44,2024-02-06,0
21,45,2024-02-06,0
21,46,2024-02-06,0
21,47,2024-02-06,0
21,48,2024-02-06,0
21,49,2024-02-06,0
21,50,2024-02-06,0
21,51,2024-02-06,0
21,52,2024-02-06,0
21,53,2024-02-06,0
21,54,2024-02-06,0
21,55,2024-02-06,0
21,56,2024-02-06,0
21,57,2024-02-06,0
21,58,2024-02-06,0
21,59,2024-02-06,0
21,60,2024-02-06,1
21,61,2024-02-06,0
21,62,2024-02-06,0
21,63,2024-02-06,0
21,64,2024-02-06,0
21,64,2024-02-06,0
21,65,2024-02-06,0
21,66,2024-02-06,0
21,67,2024-02-06,0
21,68,2024-02-06,0
21,69,2024-02-06,0
21,70,2024-02-06,0
21,71,2024-02-06,0
21,72,2024-02-06,0
21,73,2024-02-06,0
21,74,2024-02-06,0
21,75,2024-02-06,0
21,76,2024-02-06,0
21,77,2024-02-06,1
21,78,2024-02-06,0
21,79,2024-02-06,0
21,80,2024-02-06,0
21,81,2024-02-06,0
21,82,2024-02-06,0
21,83,2024-02-06,0
21,84,2024-02-06,0
21,85,2024-02-06,0
21,86,2024-02-06,0
21,87,2024-02-06,0
21,88,2024-02-06,0
21,89,2024-02-06,0
21,90,2024-02-06,0
21,91,2024-02-06,0
21,92,2024-02-06,0
21,93,2024-02-06,0
21,94,2024-02-06,0
21,95,2024-02-06,0
21,96,2024-02-06,0
21,97,2024-02-06,0
21,98,2024-02-06,0
21,99,2024-02-06,0
21,100,2024-02-06,0
21,101,2024-02-06,0
21,102,2024-02-06,0
21,103,2024-02-06,1
21,104,2024-02-06,0
21,105,2024-02-06,1
21,106,2024-02-06,0
21,107,2024-02-06,0
21,108,2024-02-06,0
21,109,2024-02-06,0
21,110,2024-02-06,0
21,111,2024-02-06,0
21,112,2024-02-06,0
21,113,2024-02-06,0
21,114,2024-02-06,0
21,115,2024-02-06,0
21,117,2024-02-06,0
21,118,2024-02-06,0
21,119,2024-02-06,0
21,121,2024-02-06,0
21,122,2024-02-06,0
21,123,2024-02-06,0
21,124,2024-02-06,0
21,125,2024-02-06,0
21,126,2024-02-06,0
21,127,2024-02-06,0
21,128,2024-02-06,0
21,129,2024-02-06,0
21,130,2024-02-06,0
21,131,2024-02-06,0
21,133,2024-02-06,0
22,0,2024-02-14,0
22,1,2024-02-14,0
22,2,2024-02-14,0
22,3,2024-02-14,0
22,4,2024-02-14,0
22,5,2024-02-14,0
22,6,2024-02-14,0
22,7,2024-02-14,1
22,8,2024-02-14,0
22,9,2024-02-14,1
22,10,2024-02-14,0
22,11,2024-02-14,0
22,12,2024-02-14,0
22,13,2024-02-14,0
22,14,2024-02-14,0
22,15,2024-02-14,0
22,16,2024-02-14,0
22,17,2024-02-14,0
22,18,2024-02-14,0
22,19,2024-02-14,0
22,20,2024-02-14,0
22,21,2024-02-14,0
22,22,2024-02-14,0
22,23,2024-02-14,0
22,24,2024-02-14,0
22,25,2024-02-14,0
22,26,2024-02-14,0
22,27,2024-02-14,0
22,28,2024-02-14,0
22,29,2024-02-14,0
22,30,2024-02-14,0
22,31,2024-02-14,0
22,32,2024-02-14,0
22,33,2024-02-14,0
22,34,2024-02-14,0
22,35,2024-02-14,0
22,36,2024-02-14,0
22,37,2024-02-14,0
22,38,2024-02-14,0
22,39,2024-02-14,0
22,40,2024-02-14,0
22,41,2024-02-14,0
22,42,2024-02-14,0
22,43,2024-02-14,0
22,44,2024-02-14,0
22,45,2024-02-14,0
22,46,2024-02-14,0
22,47,2024-02-14,1
22,48,2024-02-14,0
22,49,2024-02-14,0
22,50,2024-02-14,0
22,51,2024-02-14,0
22,52,2024-02-14,1
22,53,2024-02-14,0
22,54,2024-02-14,0
22,55,2024-02-14,0
22,56,2024-02-14,0
22,57,2024-02-14,0
22,58,2024-02-14,0
22,59,2024-02-14,0
22,60,2024-02-14,1
22,61,2024-02-14,0
22,62,2024-02-14,0
22,63,2024-02-14,0
22,64,2024-02-14,0
22,64,2024-02-14,0
22,65,2024-02-14,0
22,66,2024-02-14,0
22,67,2024-02-14,0
22,68,2024-02-14,0
22,69,2024-02-14,0
22,70,2024-02-14,0
22,71,2024-02-14,0
22,72,2024-02-14,0
22,73,2024-02-14,1
22,74,2024-02-14,0
22,75,2024-02-14,0
22,76,2024-02-14,0
22,77,2024-02-14,0
22,78,2024-02-14,0
22,79,2024-02-14,0
22,80,2024-02-14,0
22,81,2024-02-14,0
22,82,2024-02-14,0
22,83,2024-02-14,0
22,84,2024-02-14,1
22,85,2024-02-14,0
22,86,2024-02-14,0
22,87,2024-02-14,0
22,88,2024-02-14,0
22,89,2024-02-14,0
22,90,2024-02-14,0
22,91,2024-02-14,0
22,92,2024-02-14,0
22,93,2024-02-14,0
22,94,2024-02-14,0
22,95,2024-02-14,0
22,96,2024-02-14,0
22,97,2024-02-14,0
22,98,2024-02-14,0
22,99,2024-02-14,0
22,100,2024-02-14,0
22,101,2024-02-14,0
22,102,2024-02-14,0
22,103,2024-02-14,1
22,104,2024-02-14,0
22,105,2024-02-14,1
22,106,2024-02-14,0
22,107,2024-02-14,0
22,108,2024-02-14,0
22,109,2024-02-14,0
22,110,2024-02-14,0
22,111,2024-02-14,0
22,112,2024-02-14,0
22,113,2024-02-14,0
22,114,2024-02-14,0
22,115,2024-02-14,0
22,117,2024-02-14,0
22,118,2024-02-14,1
22,119,2024-02-14,0
22,121,2024-02-14,0
22,122,2024-02-14,0
22,123,2024-02-14,0
22,124,2024-02-14,0
22,125,2024-02-14,0
22,126,2024-02-14,0
22,128,2024-02-14,0
22,129,2024-02-14,0
23,0,2024-02-14,0
23,1,2024-02-14,0
23,2,2024-02-14,0
23,3,2024-02-14,0
23,4,2024-02-14,0
23,5,2024-02-14,0
23,6,2024-02-14,0
23,7,2024-02-14,0
23,8,2024-02-14,0
23,9,2024-02-14,0
23,10,2024-02-14,0
23,11,2024-02-14,0
23,12,2024-02-14,0
23,13,2024-02-14,0
23,14,2024-02-14,0
23,15,2024-02-14,0
23,16,2024-02-14,0
23,17,2024-02-14,0
23,18,2024-02-14,0
23,19,2024-02-14,0
23,20,2024-02-14,0
23,21,2024-02-14,0
23,22,2024-02-14,0
23,23,2024-02-14,0
23,24,2024-02-14,0
23,25,2024-02-14,0
23,26,2024-02-14,0
23,27,2024-02-14,0
23,28,2024-02-14,0
23,29,2024-02-14,0
23,30,2024-02-14,0
23,31,2024-02-14,0
23,32,2024-02-14,0
23,33,2024-02-14,0
23,34,2024-02-14,0
23,35,2024-02-14,0
23,36,2024-02-14,0
23,37,2024-02-14,0
23,38,2024-02-14,0
23,39,2024-02-14,0
23,40,2024-02-14,0
23,41,2024-02-14,0
23,42,2024-02-14,0
23,43,2024-02-14,0
23,44,2024-02-14,0
23,45,2024-02-14,0
23,46,2024-02-14,0
23,47,2024-02-14,0
23,48,2024-02-14,0
23,49,2024-02-14,0
23,50,2024-02-14,0
23,51,2024-02-14,0
23,52,2024-02-14,0
23,53,2024-02-14,0
23,54,2024-02-14,0
23,55,2024-02-14,0
23,56,2024-02-14,0
23,57,2024-02-14,0
23,58,2024-02-14,0
23,59,2024-02-14,0
23,60,2024-02-14,1
23,61,2024-02-14,0
23,62,2024-02-14,0
23,63,2024-02-14,0
23,64,2024-02-14,0
23,65,2024-02-14,0
23,66,2024-02-14,0
23,67,2024-02-14,1
23,68,2024-02-14,0
23,69,2024-02-14,0
23,70,2024-02-14,0
23,71,2024-02-14,0
23,72,2024-02-14,0
23,73,2024-02-14,1
23,74,2024-02-14,0
23,75,2024-02-14,1
23,76,2024-02-14,0
23,77,2024-02-14,0
23,78,2024-02-14,0
23,79,2024-02-14,0
23,80,2024-02-14,0
23,81,2024-02-14,1
23,82,2024-02-14,0
23,83,2024-02-14,0
23,84,2024-02-14,1
23,85,2024-02-14,0
23,86,2024-02-14,0
23,87,2024-02-14,0
23,88,2024-02-14,0
23,89,2024-02-14,0
23,90,2024-02-14,0
23,91,2024-02-14,0
23,92,2024-02-14,0
23,93,2024-02-14,0
23,94,2024-02-14,0
23,95,2024-02-14,0
23,96,2024-02-14,0
23,96,2024-02-14,0
23,97,2024-02-14,0
23,98,2024-02-14,0
23,99,2024-02-14,0
23,100,2024-02-14,0
23,101,2024-02-14,0
23,102,2024-02-14,0
23,103,2024-02-14,0
23,104,2024-02-14,1
23,105,2024-02-14,0
23,106,2024-02-14,0
23,107,2024-02-14,0
23,108,2024-02-14,0
23,109,2024-02-14,0
23,110,2024-02-14,0
23,111,2024-02-14,0
23,112,2024-02-14,0
23,113,2024-02-14,0
23,114,2024-02-14,0
23,115,2024-02-14,0
23,117,2024-02-14,0
23,118,2024-02-14,1
23,119,2024-02-14,0
23,121,2024-02-14,1
23,122,2024-02-14,0
23,123,2024-02-14,0
23,124,2024-02-14,0
23,125,2024-02-14,0
23,126,2024-02-14,0
23,127,2024-02-14,0
23,128,2024-02-14,0
23,129,2024-02-14,0
24,0,2024-02-21,0
24,1,2024-02-21,0
24,2,2024-02-21,0
24,3,2024-02-21,0
24,4,2024-02-21,1
24,5,2024-02-21,0
24,6,2024-02-21,0
24,7,2024-02-21,0
24,8,2024-02-21,0
24,9,2024-02-21,0
24,10,2024-02-21,0
24,11,2024-02-21,0
24,12,2024-02-21,0
24,13,2024-02-21,0
24,14,2024-02-21,0
24,15,2024-02-21,0
24,16,2024-02-21,0
24,17,2024-02-21,0
24,18,2024-02-21,0
24,19,2024-02-21,0
24,20,2024-02-21,0
24,21,2024-02-21,0
24,22,2024-02-21,0
24,23,2024-02-21,0
24,24,2024-02-21,0
24,25,2024-02-21,0
24,26,2024-02-21,0
24,27,2024-02-21,0
24,28,2024-02-21,0
24,29,2024-02-21,0
24,30,2024-02-21,0
24,31,2024-02-21,0
24,32,2024-02-21,0
24,33,2024-02-21,0
24,34,2024-02-21,0
24,35,2024-02-21,0
24,36,2024-02-21,0
24,37,2024-02-21,0
24,38,2024-02-21,0
24,39,2024-02-21,0
24,40,2024-02-21,0
24,41,2024-02-21,0
24,42,2024-02-21,0
24,43,2024-02-21,0
24,44,2024-02-21,0
24,45,2024-02-21,0
24,46,2024-02-21,0
24,47,2024-02-21,0
24,48,2024-02-21,0
24,49,2024-02-21,0
24,50,2024-02-21,0
24,51,2024-02-21,0
24,52,2024-02-21,0
24,53,2024-02-21,0
24,54,2024-02-21,0
24,55,2024-02-21,0
24,56,2024-02-21,0
24,57,2024-02-21,0
24,58,2024-02-21,0
24,59,2024-02-21,0
24,60,2024-02-21,0
24,61,2024-02-21,0
24,62,2024-02-21,0
24,63,2024-02-21,0
24,64,2024-02-21,0
24,65,2024-02-21,0
24,66,2024-02-21,0
24,67,2024-02-21,0
24,68,2024-02-21,0
24,69,2024-02-21,0
24,70,2024-02-21,0
24,71,2024-02-21,0
24,72,2024-02-21,0
24,73,2024-02-21,1
24,74,2024-02-21,0
24,75,2024-02-21,0
24,76,2024-02-21,0
24,77,2024-02-21,0
24,78,2024-02-21,0
24,79,2024-02-21,0
24,80,2024-02-21,0
24,81,2024-02-21,0
24,82,2024-02-21,0
24,83,2024-02-21,0
24,84,2024-02-21,1
24,85,2024-02-21,0
24,86,2024-02-21,0
24,87,2024-02-21,0
24,88,2024-02-21,0
24,89,2024-02-21,0
24,90,2024-02-21,0
24,91,2024-02-21,0
24,92,2024-02-21,0
24,93,2024-02-21,0
24,94,2024-02-21,0
24,95,2024-02-21,0
24,96,2024-02-21,0
24,97,2024-02-21,0
24,98,2024-02-21,0
24,99,2024-02-21,0
24,100,2024-02-21,0
24,101,2024-02-21,0
24,102,2024-02-21,0
24,103,2024-02-21,0
24,104,2024-02-21,0
24,105,2024-02-21,0
24,106,2024-02-21,0
24,107,2024-02-21,0
24,108,2024-02-21,0
24,109,2024-02-21,0
24,110,2024-02-21,0
24,111,2024-02-21,0
24,112,2024-02-21,0
24,113,2024-02-21,0
24,114,2024-02-21,0
24,115,2024-02-21,0
24,117,2024-02-21,0
24,118,2024-02-21,0
24,119,2024-02-21,0
24,121,2024-02-21,0
24,122,2024-02-21,0
24,123,2024-02-21,0
24,124,2024-02-21,0
24,125,2024-02-21,0
24,126,2024-02-21,0
24,127,2024-02-21,0
24,128,2024-02-21,0
24,129,2024-02-21,0
24,130,2024-02-21,0
24,131,2024-02-21,0
24,133,2024-02-21,0
24,135,2024-02-21,0
25,73,2024-02-28,1
25,75,2024-02-28,1
25,77,2024-02-28,1
25,78,2024-02-28,1
25,125,2024-02-28,1
26,0,2024-03-13,0
26,1,2024-03-13,0
26,2,2024-03-13,0
26,3,2024-03-13,0
26,4,2024-03-13,0
26,5,2024-03-13,0
26,6,2024-03-13,0
26,7,2024-03-13,0
26,8,2024-03-13,0
26,9,2024-03-13,0
26,10,2024-03-13,0
26,11,2024-03-13,0
26,12,2024-03-13,0
26,13,2024-03-13,0
26,14,2024-03-13,0
26,15,2024-03-13,0
26,16,2024-03-13,0
26,17,2024-03-13,0
26,18,2024-03-13,0
26,19,2024-03-13,0
26,20,2024-03-13,0
26,21,2024-03-13,0
26,22,2024-03-13,0
26,23,2024-03-13,0
26,24,2024-03-13,0
26,25,2024-03-13,0
26,26,2024-03-13,0
26,27,2024-03-13,0
26,28,2024-03-13,0
26,29,2024-03-13,0
26,30,2024-03-13,1
26,31,2024-03-13,0
26,32,2024-03-13,0
26,33,2024-03-13,0
26,34,2024-03-13,0
26,35,2024-03-13,0
26,36,2024-03-13,0
26,37,2024-03-13,0
26,38,2024-03-13,0
26,39,2024-03-13,0
26,40,2024-03-13,0
26,41,2024-03-13,0
26,42,2024-03-13,0
26,43,2024-03-13,0
26,44,2024-03-13,0
26,45,2024-03-13,0
26,46,2024-03-13,0
26,47,2024-03-13,0
26,48,2024-03-13,0
26,49,2024-03-13,0
26,50,2024-03-13,0
26,51,2024-03-13,0
26,52,2024-03-13,0
26,53,2024-03-13,0
26,54,2024-03-13,0
26,55,2024-03-13,0
26,56,2024-03-13,0
26,57,2024-03-13,0
26,58,2024-03-13,0
26,59,2024-03-13,0
26,60,2024-03-13,1
26,61,2024-03-13,0
26,62,2024-03-13,0
26,63,2024-03-13,0
26,64,2024-03-13,0
26,64,2024-03-13,0
26,65,2024-03-13,0
26,66,2024-03-13,0
26,67,2024-03-13,0
26,68,2024-03-13,0
26,69,2024-03-13,0
26,70,2024-03-13,0
26,71,2024-03-13,0
26,72,2024-03-13,0
26,73,2024-03-13,1
26,74,2024-03-13,0
26,75,2024-03-13,0
26,76,2024-03-13,0
26,77,2024-03-13,0
26,78,2024-03-13,0
26,79,2024-03-13,0
26,80,2024-03-13,0
26,81,2024-03-13,0
26,82,2024-03-13,0
26,83,2024-03-13,0
26,84,2024-03-13,1
26,85,2024-03-13,0
26,86,2024-03-13,0
26,87,2024-03-13,0
26,88,2024-03-13,0
26,89,2024-03-13,0
26,90,2024-03-13,0
26,91,2024-03-13,0
26,92,2024-03-13,1
26,93,2024-03-13,0
26,94,2024-03-13,0
26,95,2024-03-13,0
26,96,2024-03-13,0
26,97,2024-03-13,0
26,98,2024-03-13,0
26,99,2024-03-13,0
26,100,2024-03-13,0
26,101,2024-03-13,0
26,102,2024-03-13,0
26,103,2024-03-13,1
26,104,2024-03-13,1
26,105,2024-03-13,0
26,106,2024-03-13,0
26,107,2024-03-13,0
26,108,2024-03-13,0
26,109,2024-03-13,0
26,110,2024-03-13,0
26,111,2024-03-13,0
26,112,2024-03-13,0
26,113,2024-03-13,0
26,114,2024-03-13,0
26,115,2024-03-13,0
26,117,2024-03-13,0
26,118,2024-03-13,0
26,119,2024-03-13,0
26,121,2024-03-13,0
26,122,2024-03-13,0
26,123,2024-03-13,0
26,124,2024-03-13,0
26,125,2024-03-13,0
26,126,2024-03-13,0
26,127,2024-03-13,0
26,128,2024-03-13,0
26,129,2024-03-13,0
26,130,2024-03-13,0
26,131,2024-03-13,0
26,135,2024-03-13,0
26,157,2024-03-13,0
27,0,2024-03-13,0
27,1,2024-03-13,0
27,2,2024-03-13,0
27,3,2024-03-13,0
27,4,2024-03-13,0
27,5,2024-03-13,0
27,6,2024-03-13,0
27,7,2024-03-13,1
27,8,2024-03-13,0
27,9,2024-03-13,0
27,10,2024-03-13,0
27,11,2024-03-13,0
27,12,2024-03-13,0
27,13,2024-03-13,0
27,14,2024-03-13,0
27,15,2024-03-13,0
27,16,2024-03-13,0
27,17,2024-03-13,0
27,18,2024-03-13,0
27,19,2024-03-13,0
27,20,2024-03-13,0
27,21,2024-03-13,0
27,22,2024-03-13,0
27,23,2024-03-13,0
27,24,2024-03-13,0
27,25,2024-03-13,0
27,26,2024-03-13,0
27,27,2024-03-13,0
27,28,2024-03-13,0
27,29,2024-03-13,0
27,30,2024-03-13,0
27,31,2024-03-13,0
27,32,2024-03-13,0
27,33,2024-03-13,0
27,34,2024-03-13,0
27,35,2024-03-13,0
27,36,2024-03-13,0
27,37,2024-03-13,0
27,38,2024-03-13,0
27,39,2024-03-13,0
27,40,2024-03-13,0
27,41,2024-03-13,0
27,42,2024-03-13,0
27,43,2024-03-13,0
27,44,2024-03-13,0
27,45,2024-03-13,0
27,46,2024-03-13,0
27,47,2024-03-13,0
27,48,2024-03-13,0
27,50,2024-03-13,0
27,51,2024-03-13,0
27,52,2024-03-13,0
27,53,2024-03-13,0
27,54,2024-03-13,0
27,55,2024-03-13,0
27,56,2024-03-13,0
27,57,2024-03-13,0
27,58,2024-03-13,0
27,59,2024-03-13,0
27,60,2024-03-13,1
27,61,2024-03-13,0
27,62,2024-03-13,0
27,63,2024-03-13,1
27,64,2024-03-13,0
27,64,2024-03-13,0
27,65,2024-03-13,0
27,66,2024-03-13,0
27,67,2024-03-13,0
27,68,2024-03-13,0
27,69,2024-03-13,0
27,70,2024-03-13,0
27,71,2024-03-13,0
27,72,2024-03-13,0
27,73,2024-03-13,1
27,74,2024-03-13,0
27,75,2024-03-13,0
27,76,2024-03-13,0
27,77,2024-03-13,1
27,78,2024-03-13,0
27,79,2024-03-13,0
27,80,2024-03-13,0
27,81,2024-03-13,0
27,82,2024-03-13,0
27,83,2024-03-13,0
27,84,2024-03-13,1
27,85,2024-03-13,0
27,86,2024-03-13,0
27,87,2024-03-13,0
27,88,2024-03-13,0
27,89,2024-03-13,0
27,90,2024-03-13,0
27,91,2024-03-13,0
27,92,2024-03-13,0
27,93,2024-03-13,0
27,94,2024-03-13,0
27,95,2024-03-13,0
27,96,2024-03-13,0
27,96,2024-03-13,0
27,97,2024-03-13,0
27,98,2024-03-13,0
27,99,2024-03-13,0
27,100,2024-03-13,0
27,101,2024-03-13,0
27,102,2024-03-13,0
27,103,2024-03-13,0
27,104,2024-03-13,0
27,105,2024-03-13,0
27,106,2024-03-13,0
27,107,2024-03-13,0
27,108,2024-03-13,0
27,109,2024-03-13,0
27,110,2024-03-13,0
27,111,2024-03-13,0
27,112,2024-03-13,0
27,113,2024-03-13,0
27,114,2024-03-13,1
27,115,2024-03-13,0
27,117,2024-03-13,0
27,118,2024-03-13,1
27,119,2024-03-13,0
27,121,2024-03-13,1
27,122,2024-03-13,0
27,123,2024-03-13,0
27,124,2024-03-13,0
27,126,2024-03-13,0
27,128,2024-03-13,0
27,157,2024-03-13,0
